colony_id,sample_id,FqFm,Sig,PQP_Size,Tau1QA,Tau2QA,Tau3QA,p,TPQ_PSI,QBP_Size,carQ,Ek,PC1,PC2,.group
E,E1,0.24926666666666666,71.01666666666667,1.9803333333333333,1763,7096.666666666667,31902,0.3588,16139.666666666666,1.7687666666666666,0.08466666666666667,138.8,-0.5589223185738427,0.281633321385043,1
E,E10,0.2827,63.70333333333333,3.698,1164,2201.6666666666665,26342.666666666668,0.3421666666666667,7299,1.1597666666666666,0.11066666666666666,257.7,0.3887571142180265,0.7279616753300435,2
E,E11,0.26266666666666666,66.79,2.041,1638.3333333333333,6790.333333333333,36074,0.39286666666666664,17708.666666666668,1.6857,0.114,134.64,-0.5131887586704237,-0.18485358955200715,3
E,E12,0.28686666666666666,58.25666666666667,2.340666666666667,1106,3582.6666666666665,32263,0.3834333333333333,13814.333333333334,1.5737666666666665,0.14966666666666667,207.39333333333332,0.03486764533622613,-0.5394608279898314,4
E,E13,0.29113333333333336,63.88666666666666,2.352333333333333,1263.3333333333333,3923.6666666666665,35022.666666666664,0.37393333333333334,14992,1.6355333333333333,0.119,179.84,-0.16428206538758552,-0.12534284302564377,5
E,E14,0.23123333333333335,63.9,2.5733333333333333,2270.6666666666665,16895,52956.333333333336,0.3744,20716,1.6290333333333333,0.09133333333333334,88.56666666666666,-0.7611838298572561,0.32295180707586885,6
E,E15,0.26103333333333334,70.74,2.894,1338,3364.6666666666665,35781.666666666664,0.35806666666666664,12443.666666666666,1.6263,0.095,189.40333333333334,-0.19405266855084602,0.5745417674773133,7
E,E16,0.30893333333333334,66.65666666666667,2.323,1218.3333333333333,3540.3333333333335,32213.333333333332,0.3692666666666667,13888,1.7226333333333335,0.12266666666666666,194.60333333333332,-0.0826889336788232,-0.18573294861289252,8
E,E17,0.2823333333333333,65.53666666666666,2.8213333333333335,1173.3333333333333,3175.6666666666665,35182.333333333336,0.32586666666666664,12586.333333333334,1.8403333333333334,0.09933333333333334,237.72333333333333,-0.06238594829246594,0.33298551327421566,9
E,E18,0.17593333333333333,70.91,3.2776666666666667,3453.3333333333335,19423.666666666668,90384,0.41036666666666666,27730.666666666668,1.4792,0.089,55.376666666666665,-1.0432562015151865,0.6429108183144878,10
E,E19,0.24159999999999998,66.81,2.8626666666666667,1602.3333333333333,4220,34661.666666666664,0.36806666666666665,12327,1.4201666666666666,0.10033333333333334,168.47333333333333,-0.25833621788787925,0.5832409391134903,11
E,E2,0.3166,65.24666666666667,3.1883333333333335,1103,2419,25671,0.33176666666666665,8150.333333333333,1.4075,0.11133333333333334,271.40666666666664,0.39604477630551765,0.4958514891167062,12
E,E20,0.2609666666666667,70.17999999999999,2.2119999999999997,1466.3333333333333,4578.666666666667,34987,0.33593333333333336,15942.333333333334,1.8761999999999999,0.08233333333333334,171.66,-0.4266263966866899,0.3711749406812622,13
E,E21,0.2914333333333333,65.62,3.7863333333333333,1054,2116,25664.666666666668,0.32106666666666667,6856.333333333333,1.3644,0.10266666666666667,307.16333333333336,0.4555692174795292,0.81208819893309,14
E,E22,0.2435,72.06666666666666,2.055,1716.6666666666667,7468,35552,0.3525,17306.666666666668,1.9062666666666668,0.085,138.08666666666667,-0.6310096109412191,0.24742769955372446,15
E,E23,0.30943333333333334,68.51,2.8436666666666666,1003,2746,33651,0.3656,11883,1.7178333333333333,0.12533333333333332,228.40333333333334,0.11277710984040323,-0.023604745203383883,16
E,E24,0.2774,67.89333333333333,2.093,1348,4018,31502.666666666668,0.3499,15080.666666666666,1.6373666666666666,0.095,166.92666666666665,-0.2525247777213991,0.24203856524203188,17
E,E25,0.23253333333333334,74.09333333333333,2.4526666666666666,1536,5690.666666666667,52648.666666666664,0.39553333333333335,21594.333333333332,2,0.092,128.52333333333334,-0.7642857583289431,0.06650591357840498,18
E,E26,0.24223333333333333,67.78333333333333,2.018666666666667,1675.3333333333333,7668.666666666667,44299.666666666664,0.3519,21955.666666666668,1.9096333333333333,0.09133333333333334,125.32333333333332,-0.7067796057790466,0.07610153771868332,19
E,E27,0.26896666666666663,72.43333333333334,2.087666666666667,1565.3333333333333,6310.333333333333,40524.666666666664,0.37206666666666666,19446.333333333332,1.9171333333333334,0.09866666666666667,133.67333333333335,-0.6101677174888135,-0.04609594481946345,20
E,E28,0.2931333333333333,64.42,2.703,1211.3333333333333,3158.3333333333335,29447.666666666668,0.3322,10942,1.5669666666666666,0.10566666666666666,228.4,0.08622980810957093,0.3745394276808951,21
E,E29,0.29073333333333334,66.19666666666666,2.452,1109.3333333333333,2749,29271.333333333332,0.3367,11979.333333333334,1.6115333333333333,0.09533333333333334,220.88,0.058697299065911014,0.36760398311739534,22
E,E3,0.23983333333333332,67.01666666666667,2.8770000000000002,1871.3333333333333,9000.333333333334,51087.333333333336,0.3632666666666667,17239.333333333332,1.6384,0.103,127.44999999999999,-0.5649010628884226,0.42514936707312995,23
E,E30,0.30406666666666665,61.86666666666667,2.3293333333333335,1084.3333333333333,3265.6666666666665,32237.333333333332,0.37170000000000003,13852,1.6283333333333334,0.14166666666666666,204.92666666666665,0.06185003604489818,-0.41917798990034305,24
E,E31,0.2860666666666667,65.69333333333333,1.8820000000000001,1293.3333333333333,4774,31497.333333333332,0.3621333333333333,16785.333333333332,1.9597666666666667,0.10166666666666667,182.62,-0.36137704929942965,-0.31056446403025945,25
E,E32,0.2591333333333333,68.85666666666667,1.9006666666666667,1573.6666666666667,7187.666666666667,40006.333333333336,0.3777,21068,1.9533666666666667,0.10066666666666667,131.12333333333333,-0.6837020084725015,-0.2397606197750548,26
E,E33,0.3077,63.559999999999995,3.3486666666666665,1022,1990.6666666666667,25296.333333333332,0.3212333333333333,7622,1.2753666666666668,0.10233333333333333,281.06666666666666,0.5148873745616208,0.7042605884082862,27
E,E34,0.2538,68.00666666666667,1.8703333333333334,1595.6666666666667,7357,37472.666666666664,0.35796666666666666,20040.333333333332,1.9078,0.09233333333333334,134.32,-0.6409083802153764,-0.0367976275265071,28
E,E35,0.25733333333333336,67.43333333333334,1.883,1623.3333333333333,6623,34434.666666666664,0.3957,18305.666666666668,1.6057666666666666,0.10933333333333334,123.97666666666667,-0.5387572545371733,-0.1558618034645312,29
E,E36,0.2700666666666667,60.730000000000004,2.3753333333333333,1252,3859,37170.666666666664,0.3666333333333333,15767.666666666666,1.7527666666666666,0.10333333333333333,196.20333333333335,-0.2505301677806168,-0.04046745540417106,30
E,E37,0.3126333333333333,63.71333333333334,3.2946666666666666,1059.6666666666667,2214.6666666666665,25912.333333333332,0.3378,7993.333333333333,1.3880333333333332,0.113,286.21333333333337,0.43730781801287794,0.45326871821054515,31
E,E38,0.2922666666666667,62.24666666666667,4.759666666666666,901.3333333333334,1634,24713.666666666668,0.32803333333333334,5262.666666666667,1.2500333333333333,0.10666666666666666,391.9133333333333,0.7260626161966327,0.8077826030225852,32
E,E39,0.29309999999999997,65.25333333333333,2.384,1251.3333333333333,4039.6666666666665,38142.333333333336,0.339,16036.333333333334,1.9313666666666667,0.10866666666666666,195.98666666666668,-0.23628677336829776,-0.062421045748829194,33
E,E4,0.2593333333333333,66.07666666666667,2.912333333333333,1349,3185.6666666666665,31949,0.3461666666666667,11054,1.3849,0.099,194.16,-0.04119640709701097,0.6624339052354568,34
E,E40,0.2777,65.14,2.137,1283.6666666666667,4292.333333333333,32824.666666666664,0.3399,15418,1.9252333333333334,0.098,199.01333333333332,-0.2839885032441686,-0.02658919960888906,35
E,E41,0.1844,76.06,2.4593333333333334,3019.3333333333335,11784.333333333334,47392,0.35113333333333335,19262.666666666668,1.9631666666666667,0.042,107.08666666666666,-1.0196600320104117,0.9490521544266151,36
E,E42,0.3224666666666667,62.76,2.8036666666666665,1078.6666666666667,2743.3333333333335,30172.666666666668,0.3421,10793.666666666666,1.6516666666666666,0.11733333333333333,258.4566666666667,0.21711613823668444,0.054108178922909665,37
E,E43,0.3148,59.413333333333334,2.5356666666666667,1010.6666666666666,2639.6666666666665,29237,0.3234666666666667,11608,1.6815666666666667,0.11133333333333334,270.3233333333333,0.25139745517406153,0.04422573738828854,38
E,E44,0.24780000000000002,59.02333333333333,1.8353333333333333,1563.6666666666667,8394.666666666666,42689.333333333336,0.4065666666666667,23263.333333333332,1.6775,0.11666666666666667,117.79666666666667,-0.6504829309510198,-0.5345363510769551,39
E,E45,0.2961,67.15,2.426,1045.6666666666667,2333.3333333333335,28102.666666666668,0.33263333333333334,11611.333333333334,1.5546,0.097,222.86666666666667,0.16779988370588705,0.4072809138458077,40
E,E46,0.28363333333333335,67.41666666666667,2.91,1082,2336.3333333333335,29340.333333333332,0.3164666666666667,10116.333333333334,1.5278333333333334,0.09033333333333333,243.22666666666666,0.18800254330388208,0.748612541321569,41
E,E47,0.26116666666666666,69.10333333333332,3.099,1422.6666666666667,3495.3333333333335,34133.666666666664,0.3473,11197.666666666666,1.5267666666666666,0.09666666666666666,196.95333333333332,-0.13714566222591804,0.7073365078165147,42
E,E48,0.17523333333333332,93.93666666666667,10.895,5543,17198,151484.66666666666,0.5131,13461.333333333334,1.5138333333333334,0.019333333333333334,63.81333333333334,-1.0770842468651074,1.6798997816271295,43
E,E5,0.3091333333333333,68.67,4.681333333333333,1049.6666666666667,1893.6666666666667,21436.666666666668,0.34013333333333334,4708,1.0826333333333333,0.11233333333333334,318.06,0.6947289888238573,0.891672174032386,44
E,E6,0.31943333333333335,62.306666666666665,3.481333333333333,1028,2583.3333333333335,30430.333333333332,0.3458,8883,1.5129,0.12533333333333332,285.33333333333337,0.3552994963220347,0.19183693925419268,45
E,E7,0.28596666666666665,60.74666666666667,3.118666666666667,1116,2932.6666666666665,36837,0.3796333333333333,11914,1.5152666666666668,0.13266666666666668,223.97,0.07993476053036255,-0.04129453043389067,46
E,E8,0.26716666666666666,63.79333333333334,2.2026666666666666,1343.3333333333333,3777,28695,0.3365666666666667,13104,1.4339333333333333,0.10033333333333334,178.24666666666667,-0.08672448472598113,0.3713797688195535,47
E,E9,0.2615,68.38,2.824,1278,2866,31334.666666666668,0.31966666666666665,11179.333333333334,1.4782,0.08666666666666666,204.58333333333334,-0.015938261317930504,0.8769193510368359,48
F,F1,0.31170000000000003,61.85333333333333,2.1866666666666665,1126.3333333333333,3508.3333333333335,29450.333333333332,0.37093333333333334,13534.666666666666,1.5479666666666667,0.133,196.49333333333334,0.06066117719397351,-0.35372835260043073,49
F,F10,0.2998,60.73666666666667,2.0616666666666665,1134,3710.6666666666665,29237.333333333332,0.3411,14247,1.6666333333333332,0.11433333333333334,206.63,-0.011939243188951894,-0.17360164044589654,50
F,F11,0.33573333333333333,60.093333333333334,2.585,1059.3333333333333,2697.6666666666665,24015.666666666668,0.3419333333333333,9405,1.537,0.127,283.5566666666667,0.41868208937812906,-0.10797509498133799,51
F,F12,0.2556333333333333,62.9,2.106333333333333,1453.6666666666667,4941.333333333333,32056.333333333332,0.36186666666666667,15290,1.5219333333333334,0.10566666666666666,158.42333333333332,-0.2875108033642821,0.12281275064499815,52
F,F13,0.2868,59.52333333333333,1.9660000000000002,1311.6666666666667,5317,38262.666666666664,0.3993333333333333,19474.666666666668,1.6019,0.14533333333333331,143.56666666666666,-0.3008068568263875,-0.7151546091919341,53
F,F14,0.39653333333333335,56.18666666666667,3.4303333333333335,846.6666666666666,1893,21375.333333333332,0.38339999999999996,6312.333333333333,1.4873333333333334,0.17633333333333331,434.2833333333333,1.0143410888021018,-0.8398243221347552,54
F,F15,0.4017,62.49,3.4716666666666667,881,1883.6666666666667,20551.666666666668,0.373,6038,1.4087666666666667,0.157,382.7033333333333,0.9869154110302193,-0.43666572993903574,55
F,F16,0.2913,57.81666666666667,2.0180000000000002,1353.6666666666667,5375,36104.333333333336,0.34023333333333333,17914,1.6982666666666666,0.12066666666666666,169.83333333333331,-0.2429477741197256,-0.2997210026779722,56
F,F17,0.0833,63.019999999999996,3.125,4391.333333333333,21842,146742.66666666666,0.49979999999999997,46761.333333333336,1,0.074,27.696666666666665,-1.3209397362007154,0.7641853515193158,57
F,F18,0.2902,61.63333333333333,1.892,1296.3333333333333,4926.666666666667,30843.333333333332,0.36846666666666666,16337.666666666666,1.6842,0.114,170.74666666666667,-0.24597598331651382,-0.3451586013288746,58
F,F19,0.3417,58.78,3.337666666666667,919,2081,20793.666666666668,0.3309333333333333,6327.333333333333,1.4256666666666666,0.123,389.6,0.7899945599018863,0.15707464147383787,59
F,F2,0.3029,60.9,3.407,965.3333333333334,2073,23390,0.29113333333333336,6987.333333333333,1.2834666666666665,0.10333333333333333,319.5466666666666,0.6309839784785327,0.7541842140245321,60
F,F20,0.3310333333333333,57.61333333333333,2.552,1011.3333333333334,2620.6666666666665,27056,0.3248333333333333,10663.666666666666,1.595,0.11766666666666667,283.07666666666665,0.37338838102776145,-0.03293635361177395,61
F,F21,0.27726666666666666,56.95,2.737,1120.6666666666667,2985.6666666666665,31151.666666666668,0.37,11475,1.4145,0.12166666666666666,230.80333333333334,0.11928406507156306,0.017362472309955853,62
F,F22,0.31776666666666664,63.24666666666666,3.49,969.6666666666666,2241.6666666666665,22626.333333333332,0.3095333333333333,6603.666666666667,1.4544,0.11633333333333334,351.4766666666667,0.6310586580681679,0.47888060951409367,63
F,F23,0.3701333333333333,53.17666666666667,3.235,813.3333333333334,1996,24884.333333333332,0.36496666666666666,7760.333333333333,1.6347666666666667,0.165,428.9633333333333,0.8367387039030092,-0.748762083799843,64
F,F24,0.3489666666666667,55.35666666666667,2.7636666666666665,905.3333333333334,2617.3333333333335,26705.333333333332,0.3745,9723.666666666666,1.6465666666666667,0.16333333333333333,325.4866666666667,0.5310321363039692,-0.7841111852319146,65
F,F25,0.33186666666666664,59.730000000000004,4.193,910.3333333333334,1742.6666666666667,20879.666666666668,0.28709999999999997,5017.666666666667,1.1948333333333332,0.11266666666666666,399.71999999999997,0.9522454138992963,0.7341132972329668,66
F,F26,0.2968,64.32333333333334,3.8056666666666668,975,1940,24107.666666666668,0.3143666666666667,6449,1.3274,0.099,332.05333333333334,0.5785266276995049,0.8306456858951811,67
F,F27,0.2838333333333333,63.873333333333335,2.729,1091.6666666666667,2683.6666666666665,28320.666666666668,0.3345,10479.666666666666,1.5903,0.09633333333333334,253.56333333333333,0.14149859311581506,0.431558928491339,68
F,F28,0.31593333333333334,64.64999999999999,2.9250000000000003,926.3333333333334,2320,26816,0.308,9262.666666666666,1.8021666666666667,0.121,325.75666666666666,0.423254856930622,0.12340486643807871,69
F,F29,0.2411,61.43,1.9556666666666667,1389.3333333333333,5789,36509.666666666664,0.33876666666666666,18701,1.8435666666666666,0.09166666666666666,164.26333333333332,-0.47880126805511897,0.014006549035610305,70
F,F3,0.27543333333333336,60.36,2.0463333333333336,1295.3333333333333,4704.666666666667,30630,0.2987666666666667,14967.666666666666,1.7045,0.101,194.31333333333333,-0.1466522797959094,0.15706548471318516,71
F,F30,0.3098,65.14666666666666,3.3096666666666668,1051.6666666666667,2421.6666666666665,25950,0.3114,7915,1.4282000000000001,0.11533333333333334,284.04,0.44659530175067397,0.553620815796038,72
F,F31,0.24656666666666666,62.35666666666667,1.7576666666666667,1442.6666666666667,6735.666666666667,31141.666666666668,0.3857333333333333,17714.333333333332,1.5972666666666666,0.10433333333333333,137.80666666666667,-0.47313282404363066,-0.24155015564114674,73
F,F32,0.3169,63.49333333333333,2.0713333333333335,1144.3333333333333,3922.6666666666665,29278,0.33803333333333335,14199.333333333334,1.8242333333333334,0.11433333333333334,212.84,-0.03396093480817717,-0.25730614570916677,74
F,F33,0.2885666666666667,63.61666666666667,3.874,1018.6666666666666,2194.3333333333335,24920.666666666668,0.3347333333333333,6516.333333333333,1.2312333333333334,0.12433333333333334,297.81333333333333,0.5437097663905728,0.5802692104783138,75
F,F34,0.1649,61.7,2.241,2014.3333333333333,14916.666666666666,93072.33333333333,0.47113333333333335,41530.333333333336,1.6222,0.10766666666666666,59.019999999999996,-1.13419784555901,-0.2232170356700484,76
F,F35,0.23546666666666666,66.26666666666667,1.9966666666666668,1592,7127.666666666667,34553.666666666664,0.3412,17323,1.7962666666666667,0.087,147.42666666666668,-0.5490886982252569,0.22842825860716542,77
F,F36,0.2719666666666667,64.75,1.6256666666666666,1383.3333333333333,5887.333333333333,29918.666666666668,0.3509,18403,1.8289333333333333,0.09533333333333334,154.29333333333332,-0.44526357817043927,-0.256369555167282,78
F,F37,0.2806,65.61,1.9283333333333332,1256,4293,30354.666666666668,0.3557666666666667,15773.333333333334,1.7095,0.11766666666666667,172.79333333333332,-0.20447945309046628,-0.19840343047845577,79
F,F38,0.24283333333333335,57.79333333333334,1.868,1292.3333333333333,6331.666666666667,35551,0.29359999999999997,19038.333333333332,1.8534333333333333,0.08966666666666666,173.81,-0.40199045275280193,0.0491776050452194,80
F,F39,0.30970000000000003,64.71666666666667,2.2316666666666665,1071,2968.3333333333335,24117.333333333332,0.3280666666666667,10854.333333333334,1.6590666666666667,0.10633333333333334,247.93333333333334,0.21250260775111723,0.10178746049456396,81
F,F4,0.29533333333333334,63.696666666666665,2.0773333333333333,1243,3912,29586.333333333332,0.3525666666666667,14276.333333333334,1.5621666666666667,0.12733333333333333,179.90333333333334,-0.04276760412604535,-0.16898470790532558,82
F,F40,0.2751,58.57333333333333,1.7836666666666667,1307.3333333333333,5755.666666666667,35589,0.3954666666666667,19998.666666666668,1.7505333333333333,0.141,153.94666666666666,-0.37401750150417434,-0.862095449630494,83
F,F42,0.3222333333333333,61.766666666666666,2.29,1018.6666666666666,3195.6666666666665,28915,0.33216666666666667,12687.666666666666,1.8605333333333334,0.125,256.18,0.15562857268430674,-0.3218254902998246,84
F,F43,0.27413333333333334,68.11,1.8713333333333333,1324,5435.666666666667,31633.333333333332,0.36416666666666664,16921.666666666668,1.7986333333333333,0.10733333333333334,155.92333333333335,-0.3821189453043071,-0.17232888435475074,85
F,F44,0.25603333333333333,68.06666666666666,3.050666666666667,1165.6666666666667,2447,26703.666666666668,0.32093333333333335,8943.333333333334,1.2183,0.09233333333333334,213.54,0.2134070798834296,1.0150608127699259,86
F,F45,0.25,62.843333333333334,2.0526666666666666,1543.6666666666667,9562.333333333334,44796.333333333336,0.3975,21792.666666666668,1.8794,0.12266666666666666,125.67333333333335,-0.6567097519177996,-0.5312957247954886,87
F,F46,0.2049,65.57666666666667,2.3356666666666666,1812,12967.333333333334,49250.666666666664,0.36066666666666664,21096,1.8413333333333335,0.07933333333333334,109.51666666666667,-0.8093664746479395,0.34505278135091505,88
F,F47,0.2938,61.95666666666666,1.8986666666666667,1168.6666666666667,4485.666666666667,27767.333333333332,0.34526666666666667,14658,1.8010666666666666,0.11033333333333334,203.31333333333333,-0.1250275932925227,-0.29798670321389303,89
F,F48,0.3227,63.32,2.5036666666666667,1116.6666666666667,3344,30128.333333333332,0.36319999999999997,12155.666666666666,1.6574,0.13233333333333333,225.25666666666666,0.1242412012393683,-0.24870685180965096,90
F,F5,0.23776666666666668,62.63,2.058333333333333,1637.3333333333333,6734.666666666667,36040.666666666664,0.36333333333333334,17549,1.4979,0.10266666666666666,130.33333333333331,-0.461661524769659,0.15935417010133268,91
F,F6,0.2636,62.196666666666665,2.7023333333333333,1320.6666666666667,4352.333333333333,42549.666666666664,0.38803333333333334,15953,1.6168333333333333,0.13833333333333334,171.01,-0.23499766136651629,-0.22490783238669157,92
F,F7,0.25893333333333335,65.05,2.048,1383.3333333333333,3906,27150.666666666668,0.3376,13321,1.4515333333333333,0.09633333333333334,172.46666666666667,-0.13412440499120454,0.36812250177034694,93
F,F8,0.27446666666666664,58.870000000000005,2.004,1283.6666666666667,4841.333333333333,33837.333333333336,0.3942333333333333,16987.666666666668,1.4937333333333334,0.1433333333333333,155.61666666666667,-0.20545030509977738,-0.5573487872474872,94
F,F9,0.28773333333333334,61.26,2.097,1260.6666666666667,3880,27754.666666666668,0.3581333333333333,13349.666666666666,1.4816666666666667,0.11333333333333334,188.02666666666667,-0.032509051380228006,-0.024735837981009964,95
G,G1,0.3233666666666667,67.56333333333333,1.965,1100,4186.333333333333,35835,0.2733,18273.666666666668,1.9782333333333333,0.091,180.68333333333334,-0.17396458684257132,0.08896598327050319,96
G,G10,0.26666666666666666,69.36666666666666,2.2623333333333333,1420.6666666666667,5407.333333333333,37359.333333333336,0.3647,16567,1.8012333333333332,0.11466666666666667,155.49666666666667,-0.4014294968652827,-0.00902606355131491,97
G,G11,0.1926,66.40666666666667,2.5180000000000002,2079.6666666666665,14659,61072,0.41910000000000003,24072.666666666668,1.5242333333333333,0.10600000000000001,76.54333333333334,-0.8737068551072494,0.15456658340690813,98
G,G12,0.3842,70.05333333333334,3.0833333333333335,958,2064.3333333333335,25676.666666666668,0.36433333333333334,8424.333333333334,1.5909666666666666,0.13,285.52666666666664,0.56402068888474,-0.08719352642872019,99
G,G13,0.35309999999999997,63.24333333333333,2.6853333333333333,952.6666666666666,2463,27513.333333333332,0.36263333333333336,10314.333333333334,1.6367,0.141,270.98333333333335,0.4303196268902219,-0.3647915512914804,100
G,G14,0.3132333333333333,60.43666666666667,3.3063333333333333,1033.6666666666667,2494.3333333333335,34063.333333333336,0.33923333333333333,10613,1.4363,0.13533333333333333,250.99,0.33834709127633394,0.1295552804618445,101
G,G15,0.266,73.16333333333333,2.2136666666666667,1504.3333333333333,6213.333333333333,42559.666666666664,0.3731333333333334,19246.666666666668,1.9717,0.09766666666666667,137.67000000000002,-0.6187593690569022,-0.015200811454613414,102
G,G16,0.37736666666666663,62.13333333333333,3.4356666666666666,889.6666666666666,1932,24068,0.35233333333333333,7044.333333333333,1.4529,0.15166666666666667,347.3566666666667,0.8256931199515691,-0.23175872946174877,103
G,G17,0.2743,74.79666666666667,2.0553333333333335,1412,5183.333333333333,38858.333333333336,0.36970000000000003,19040.666666666668,2,0.08533333333333333,144.67333333333335,-0.6007504378773963,0.035091779054888556,104
G,G18,0.251,64.47,1.638,1566,7420.666666666667,28289,0.3748,17268,1.5392666666666666,0.10666666666666666,127.40333333333334,-0.4567652850409484,-0.21022679964504132,105
G,G19,0.17386666666666667,67.88666666666667,3.8906666666666667,2437,17042.333333333332,96301,0.44626666666666664,24745.666666666668,1.3499,0.10366666666666667,60.346666666666664,-0.8946745319829673,0.5722701482739004,106
G,G2,0.3056333333333333,66.94333333333333,1.9413333333333334,1216.6666666666667,4212,27337,0.3827333333333333,14135.333333333334,1.6213,0.13633333333333333,173.87333333333333,-0.07834497962231705,-0.4679442410361008,107
G,G20,0.37383333333333335,60.016666666666666,2.9966666666666666,855.3333333333334,2056.3333333333335,22044.666666666668,0.35546666666666665,7402.333333333333,1.5677333333333332,0.156,370.62333333333333,0.8397360867920691,-0.499373026250758,108
G,G21,0.3089,66.10666666666667,2.208333333333333,1069,3096.6666666666665,31135,0.3875,14193.333333333334,1.808,0.13333333333333333,209.69666666666666,-0.026787467699321013,-0.5219739836155068,109
G,G22,0.3141,64.88,1.9266666666666665,1171.3333333333333,4044,28917.666666666668,0.3752,15048.666666666666,1.7190666666666667,0.134,183.84666666666666,-0.07774442029323339,-0.5698925596235405,110
G,G23,0.22756666666666667,67.31333333333333,2.809,2001,13837,54470.666666666664,0.39293333333333336,19410,1.5685666666666667,0.10066666666666667,92.05666666666667,-0.7190462634601636,0.33647385949119835,111
G,G24,0.31366666666666665,61.43,2.052,1024.3333333333333,3207.3333333333335,30285,0.3786,14811.666666666666,1.7309666666666665,0.146,209.75333333333333,0.06764013665138158,-0.725915272430887,112
G,G25,0.27476666666666666,63.74,1.8013333333333335,1268,5695.333333333333,29037,0.38716666666666666,16143,1.6776666666666666,0.12,159.29333333333332,-0.30071430480062217,-0.46592294995971034,113
G,G26,0.30906666666666666,74.39333333333333,2.0446666666666666,1281.6666666666667,4517,33047.666666666664,0.3786333333333333,16186,1.9184333333333332,0.10866666666666666,161.87333333333333,-0.34525802626534996,-0.2396288516979549,114
G,G27,0.27996666666666664,59.45,1.7923333333333333,1204.6666666666667,5423.666666666667,30866.666666666668,0.35963333333333336,17244.333333333332,1.7534666666666667,0.13033333333333333,174.82,-0.22203404208515354,-0.583042971580606,115
G,G28,0.2116,66.96666666666667,2.195,1943.6666666666667,12898,53629.666666666664,0.37993333333333335,24443,1.5671333333333333,0.09766666666666667,83.19333333333333,-0.8231274767917951,0.22743406138645564,116
G,G29,0.28136666666666665,57.82333333333333,1.863,1123.3333333333333,4832.333333333333,30048,0.3918666666666667,16137,1.6996333333333333,0.14733333333333332,186.60666666666668,-0.13549210345443363,-0.8566857412402181,117
G,G3,0.2682333333333333,65.11,2.624,1252.6666666666667,3431.6666666666665,26331,0.34013333333333334,10170,1.3466333333333333,0.11566666666666667,204.13333333333335,0.11211341768696542,0.42176690710273235,118
G,G30,0.32313333333333333,61.416666666666664,2.1006666666666667,1035.3333333333333,3181.6666666666665,25541.333333333332,0.34923333333333334,12208.333333333334,1.6040333333333334,0.132,228.74333333333334,0.23465172225810493,-0.36166899918870676,119
G,G31,0.3229666666666667,64.65,3.742,1057.6666666666667,2276,29363.666666666668,0.3182333333333333,7989.666666666667,1.2429666666666666,0.11366666666666667,255.29333333333332,0.47215578061832847,0.6847039026171979,120
G,G32,0.3259666666666667,66.49000000000001,2.2416666666666667,1100,3158,26862,0.3264666666666666,12063.666666666666,1.6434666666666666,0.106,218.52666666666667,0.1452176340646712,0.1344749872618969,121
G,G33,0.3390666666666667,63.973333333333336,2.4776666666666665,946.6666666666666,2716.3333333333335,24921.666666666668,0.3551666666666667,10121.666666666666,1.6552333333333333,0.14466666666666667,270.15,0.42445441902626274,-0.39525185966844834,122
G,G34,0.2908,65.84,2.809,1087.6666666666667,2443.3333333333335,23573.333333333332,0.3061333333333333,8449,1.2945333333333333,0.104,243.56666666666666,0.40442352059206177,0.7215654952755881,123
G,G35,0.33803333333333335,66.71666666666667,1.7963333333333333,979,2969.3333333333335,23379.666666666668,0.38226666666666664,13027,1.7034,0.13733333333333334,211.95666666666668,0.19891011785719842,-0.7467893648606724,124
G,G36,0.2717333333333333,66.85000000000001,1.6856666666666666,1181.6666666666667,5007,26408.666666666668,0.40176666666666666,15670,1.6987,0.12633333333333333,161.20333333333335,-0.2666145867900918,-0.6097514118480961,125
G,G37,0.321,68.47,2.2159999999999997,1080.6666666666667,3167.6666666666665,26728.666666666668,0.3411666666666667,12092.666666666666,1.6264,0.11333333333333334,207.91666666666666,0.12127482638590911,0.040847355869480774,126
G,G38,0.2876333333333333,64.32666666666667,2.7603333333333335,1131.6666666666667,3116.3333333333335,30085.666666666668,0.33486666666666665,11065.333333333334,1.5135333333333334,0.10833333333333334,224.65666666666667,0.11129423101179399,0.3754991824485328,127
G,G39,0.2771,66.23666666666666,1.6596666666666666,1244.6666666666667,5338,26819.333333333332,0.3958,16158.666666666666,1.6769333333333334,0.11900000000000001,154.44,-0.306780886220438,-0.5426166174446917,128
G,G4,0.3295,67.1,2.1096666666666666,998,2946,24300.666666666668,0.36446666666666666,11633.666666666666,1.7047333333333334,0.14533333333333331,234.25333333333333,0.26746143582985266,-0.5207275113487413,129
G,G40,0.29636666666666667,66.17666666666666,1.6666666666666667,1114.3333333333333,3734.6666666666665,25246.666666666668,0.4132,15155.333333333334,1.6775333333333333,0.137,175.42000000000002,-0.1124949080025444,-0.8290201218014416,130
G,G41,0.2683333333333333,66.56,1.6633333333333333,1445.3333333333333,7090.333333333333,32198.666666666668,0.3816,19350,1.701,0.10466666666666666,127.25333333333333,-0.5306952997280987,-0.32451848078963996,131
G,G42,0.31066666666666665,67.42999999999999,1.7506666666666666,1132.3333333333333,4032,28621.333333333332,0.38326666666666664,16370,1.7504,0.12466666666666666,168.54,-0.17226604105726182,-0.5920842084550233,132
G,G43,0.26406666666666667,68.34,1.8253333333333333,1483.6666666666667,7254.666666666667,40155,0.37673333333333336,21988.333333333332,1.8071666666666666,0.10033333333333333,119.10666666666667,-0.6455692818360681,-0.2003393969617995,133
G,G44,0.32653333333333334,66.03333333333333,1.8633333333333333,1039,3308.3333333333335,25537.333333333332,0.38826666666666665,13743.666666666666,1.7276666666666667,0.1366666666666667,203.26,0.0704238637068379,-0.7242420790802098,134
G,G45,0.34086666666666665,65.2,2.1266666666666665,1053.6666666666667,3360.6666666666665,28073,0.35026666666666667,13300.666666666666,1.7941333333333334,0.115,222.04,0.09152563876272922,-0.30627282350299756,135
G,G46,0.1898,61.35666666666667,2.5163333333333333,1564,10272.666666666666,58324.333333333336,0.392,23168.333333333332,1.669,0.112,107.53,-0.7210339343144937,-0.01972613100739709,136
G,G5,0.26693333333333336,71.71666666666667,2.2293333333333334,1516,5633.666666666667,35661.333333333336,0.3627,16033.666666666666,1.7499666666666667,0.09433333333333334,146.50666666666666,-0.450754847214762,0.25773722202518284,137
G,G6,0.3247666666666667,61.836666666666666,2.4586666666666668,1048,3510.6666666666665,36451,0.35450000000000004,14897.666666666666,1.7977,0.13233333333333333,213.36333333333334,0.03781440800647103,-0.3944519070890403,138
G,G7,0.3674,62.29333333333333,2.526666666666667,860.3333333333334,2133.6666666666665,23115.666666666668,0.36823333333333336,9171.666666666666,1.6664333333333334,0.157,316.1,0.6664149532424174,-0.704034526929997,139
G,G8,0.2954333333333333,63.99666666666667,4.105666666666666,1040,2182,26864,0.3305666666666667,6650,1.2320666666666666,0.12,293.3233333333333,0.513619974888441,0.6767777407144412,140
G,G9,0.30266666666666664,66.05333333333334,3.144,1068.6666666666667,2241,23531,0.31433333333333335,7556.333333333333,1.2776999999999998,0.109,265.24333333333334,0.4937782574380627,0.7045234151336247,141
H,H1,0.2959333333333333,71.32,1.986,1208,3537.3333333333335,23003,0.34053333333333335,11593,1.4865666666666666,0.115,182.36,0.08422730364329165,0.13691315411494995,142
H,H10,0.29109999999999997,65.46333333333334,2.8836666666666666,1124,3019.6666666666665,24933.666666666668,0.33286666666666664,8719,1.4405666666666668,0.10733333333333334,250.17000000000002,0.2570995343776194,0.4873253690005332,143
H,H11,0.269,67.15,2.16,1343.3333333333333,5688.666666666667,35420,0.3495666666666667,16430.666666666668,1.942,0.09633333333333334,172.90666666666667,-0.4227178387316438,0.010108670503981844,144
H,H12,0.32306666666666667,65.68,2.437,993,2997,23421,0.3398333333333333,9630.333333333334,1.6360666666666668,0.11933333333333333,263.06,0.3348910934694768,-0.021891818559661415,145
H,H13,0.2697333333333333,66.1,2.4653333333333336,1280.3333333333333,3645.6666666666665,26286.333333333332,0.32893333333333336,10756.666666666666,1.4188,0.09933333333333334,199.81,0.0355929166278136,0.55985132492658,146
H,H14,0.30246666666666666,66.39,1.8303333333333334,1236.3333333333333,4304.666666666667,25063,0.3613,13705.333333333334,1.6169666666666667,0.104,178.62333333333333,-0.09938132680727858,-0.11835256635328872,147
H,H15,0.31396666666666667,64.82666666666667,2.4556666666666667,1031.3333333333333,3036.6666666666665,25958.333333333332,0.33346666666666663,10594.333333333334,1.6913,0.10733333333333334,255.7133333333333,0.20810181906140635,0.10195205347152166,148
H,H16,0.34723333333333334,68.99666666666667,2.2946666666666666,1043.6666666666667,2895.3333333333335,23198,0.3655,10133.666666666666,1.6816666666666666,0.11233333333333334,245.23666666666665,0.2595400530508609,-0.12450216707982145,149
H,H17,0.35463333333333336,64.24666666666667,2.2903333333333333,969.6666666666666,2873.6666666666665,25487,0.3627666666666667,11147,1.6264333333333332,0.14366666666666666,241.27666666666667,0.37648821705809826,-0.5026798629573085,150
H,H18,0.3228666666666667,73.68333333333334,2.2743333333333333,1241.6666666666667,3510.6666666666665,23177.333333333332,0.37396666666666667,10210.666666666666,1.5074333333333334,0.11,192.42000000000002,0.09394571811092513,0.12926548959887466,151
H,H19,0.3022666666666667,67.69333333333333,2.1386666666666665,1237,4096.333333333333,28407.666666666668,0.3587666666666667,13299.666666666666,1.5708,0.11466666666666667,176.38,-0.06676108180314456,0.0200522016352893,152
H,H2,0.30293333333333333,66.21000000000001,3.8746666666666667,1000.6666666666666,2169.6666666666665,24206.333333333332,0.3379333333333333,6313.333333333333,1.1924000000000001,0.12533333333333332,283.6766666666667,0.5848963663400364,0.5943446748008755,153
H,H20,0.3093666666666667,71.46333333333334,2.2556666666666665,1234,3557.3333333333335,27566.333333333332,0.3632,12234,1.5319,0.12133333333333333,177.9,0.011379338658271869,0.0619024332851321,154
H,H21,0.28723333333333334,65.36666666666667,1.8953333333333333,1370,4996.666666666667,29448,0.40299999999999997,15540,1.4507333333333332,0.12833333333333333,140.95666666666668,-0.23788689849261888,-0.3761145640602179,155
H,H22,0.31353333333333333,68.42666666666666,1.9640000000000002,1194,3688,25809.666666666668,0.37743333333333334,13154.333333333334,1.4957666666666667,0.12833333333333333,170.97,0.013854683116096783,-0.25063133163794316,156
H,H23,0.32853333333333334,73.06,3.3249999999999997,950.6666666666666,2099.3333333333335,19104.333333333332,0.34626666666666667,5781.666666666667,1.4574666666666667,0.10466666666666666,327.81666666666666,0.6583911630800539,0.5234662063008492,157
H,H24,0.35203333333333336,71.09333333333333,3.026333333333333,925,2104.6666666666665,20917.666666666668,0.35756666666666664,6940.666666666667,1.4847333333333332,0.12466666666666666,302.35,0.659400236931044,0.14270418127880588,158
H,H25,0.3315666666666667,65.50666666666667,2.325,1060.3333333333333,3123.3333333333335,25463,0.37043333333333334,10978.666666666666,1.6164,0.13433333333333333,231.42000000000002,0.22894011210376486,-0.3381147288386215,159
H,H26,0.30373333333333336,60.28333333333333,1.8513333333333333,1147.6666666666667,4633,29760.666666666668,0.3670333333333333,16088.666666666666,1.7035333333333333,0.126,182.84333333333333,-0.12342735485372335,-0.5644184518544995,160
H,H29,0.29236666666666666,60.46666666666667,1.8256666666666668,1169.3333333333333,4752,27275.666666666668,0.36576666666666663,14952.666666666666,1.6993333333333334,0.11866666666666666,190.38333333333333,-0.12682055603681075,-0.46039994442139237,161
H,H3,0.35063333333333335,70.82666666666667,2.693,1023,2512,23842,0.3815,8913.666666666666,1.5040333333333333,0.133,243.22,0.40202011854609987,-0.1271043438795513,162
H,H30,0.3317,63.45666666666666,3.483,932.6666666666666,2273,22113.333333333332,0.3222666666666667,6421.666666666667,1.3351333333333333,0.12366666666666666,327.23333333333335,0.7110904956751929,0.38283444803361777,163
H,H31,0.3116333333333333,62.236666666666665,1.832,1079.6666666666667,4087,24641.666666666668,0.3622666666666667,13466,1.7236333333333334,0.13133333333333333,211.07333333333332,0.05970428074912245,-0.5881632867937654,164
H,H32,0.28836666666666666,66.13333333333333,2.5933333333333333,1114.3333333333333,2881.6666666666665,24439,0.3082333333333333,9492,1.3923,0.09733333333333334,229.83666666666667,0.26006848366980245,0.6601088653602071,165
H,H33,0.2773333333333333,73.10666666666667,2.3689999999999998,1595.3333333333333,9167,34295,0.36433333333333334,14591.666666666666,1.7006333333333334,0.10233333333333333,130.26666666666668,-0.43954280482323915,0.2540394202104551,166
H,H34,0.3313333333333333,67.26666666666667,2.325,1068.3333333333333,3222.3333333333335,24782,0.3547666666666667,10702,1.6477,0.121,233,0.2159200651026738,-0.10520494567968466,167
H,H35,0.2944333333333333,60.42333333333333,1.8659999999999999,1127.6666666666667,4675,27820,0.37806666666666666,14930.666666666666,1.7067666666666668,0.116,192.15,-0.1356259228833178,-0.49529043118210936,168
H,H36,0.2889,65.14666666666666,2.0073333333333334,1122.6666666666667,4231.333333333333,27634.333333333332,0.35860000000000003,13792.666666666666,1.8541666666666667,0.10666666666666666,209.91666666666666,-0.13224919257312226,-0.22983700777235308,169
H,H37,0.28003333333333336,68.93333333333334,1.9096666666666666,1301.6666666666667,4850.333333333333,25704,0.34413333333333335,13467,1.7164,0.097,179.09666666666666,-0.20352346054926498,0.10180778093326164,170
H,H38,0.3187,65.19,1.9196666666666666,1109.3333333333333,3908,24180.666666666668,0.34783333333333333,12609.666666666666,1.7497,0.11266666666666666,216.22333333333333,0.054732975232657785,-0.2826573782309174,171
H,H39,0.3343333333333333,64.92333333333333,3.106,993.3333333333334,2411.3333333333335,22485.333333333332,0.3430666666666667,7308.333333333333,1.4072666666666667,0.126,296.92333333333335,0.5717797235664356,0.18603943463264275,172
H,H4,0.3641333333333333,68.36333333333333,2.5566666666666666,957.3333333333334,2496.6666666666665,23048.666666666668,0.3679,9037.666666666666,1.6232666666666666,0.137,270.98,0.4891384853672799,-0.31110717907519536,173
H,H40,0.2543333333333333,64.07,1.8766666666666667,1361.6666666666667,7286.666666666667,33684.333333333336,0.3649,17952.333333333332,1.8925,0.10066666666666667,155.06666666666666,-0.5063745802997548,-0.24840196760865155,174
H,H41,0.2978,63.65,1.7383333333333333,1239.6666666666667,5342.333333333333,28326.333333333332,0.38173333333333337,16309.333333333334,1.7760666666666667,0.12133333333333333,170.19,-0.2568020629339712,-0.6248466976216606,175
H,H42,0.26476666666666665,65.32000000000001,1.7776666666666667,1415.3333333333333,6252.333333333333,30905.666666666668,0.41133333333333333,17387.666666666668,1.5863666666666667,0.13233333333333333,133.59666666666666,-0.4026112114996778,-0.5653290721761632,176
H,H43,0.36060000000000003,77.27333333333333,2.21,1121.3333333333333,2997,22840.333333333332,0.38903333333333334,10372.333333333334,1.7537666666666667,0.12033333333333333,217.42333333333335,0.17551250967904286,-0.2998999707928388,177
H,H44,0.3036,65.77,2.0483333333333333,1158,4378,28206.333333333332,0.36043333333333333,13803.333333333334,1.8426666666666667,0.11166666666666666,204.05333333333334,-0.1203997609448799,-0.2687885257152677,178
H,H45,0.28250000000000003,72.45,1.986,1260.3333333333333,4335.333333333333,27814,0.37753333333333333,14029.666666666666,1.8648,0.09366666666666666,181.75333333333333,-0.3077590333211141,-0.05548150280994509,179
H,H46,0.30983333333333335,65.84,2.063,1102,4053.6666666666665,25496.666666666668,0.3398333333333333,12386.333333333334,1.7966,0.111,221.50666666666666,0.025321326985247788,-0.1606188249468616,180
H,H47,0.3100333333333333,64.42999999999999,1.8836666666666666,1121.3333333333333,3796.6666666666665,26889.333333333332,0.38293333333333335,14299,1.6355,0.138,185.99333333333334,-0.007223636943988886,-0.6127807625347615,181
H,H48,0.2664666666666667,68.34333333333333,2.2663333333333333,1284.3333333333333,3622,24759.333333333332,0.33116666666666666,10974,1.508,0.09533333333333334,199.99333333333334,-0.007627666017934032,0.5245922024631413,182
H,H5,0.2850666666666667,72.82333333333334,2.296,1362.3333333333333,4394.333333333333,28359,0.35910000000000003,12400.333333333334,1.6211666666666666,0.09933333333333334,172.66,-0.18102618540158977,0.32494330259635534,183
H,H6,0.3567,67.42333333333333,3.2293333333333334,897.3333333333334,2195.6666666666665,20585.333333333332,0.3189,6407.333333333333,1.4940666666666667,0.11966666666666667,342.53,0.7683166239595615,0.3043635109445041,184
H,H7,0.3712333333333333,66.85666666666667,3.039,891,2131,22203,0.373,7374,1.5522666666666667,0.1443333333333333,322.68666666666667,0.6992453218592053,-0.30414868996847744,185
H,H8,0.3653,65.45666666666666,2.6256666666666666,931.3333333333334,2463.3333333333335,22878.333333333332,0.36493333333333333,8740,1.6256666666666666,0.141,293.1933333333333,0.558944191273668,-0.39446726927922177,186
H,H9,0.36973333333333336,66.13,2.429333333333333,968.6666666666666,2682.6666666666665,23632.666666666668,0.3744,9744.666666666666,1.6178666666666666,0.143,259.84,0.46133079201944005,-0.508226096046284,187
I,I1,0.2779333333333333,66.93666666666667,2.0203333333333333,1302.3333333333333,5108.666666666667,29810,0.32886666666666664,14828.333333333334,1.8205333333333333,0.1,182.73666666666668,-0.2525582756755178,0.08703172495183448,188
I,I10,0.3159666666666667,64.22999999999999,2.9276666666666666,947,2476.6666666666665,27183,0.36373333333333335,9413.666666666666,1.6233,0.12866666666666668,285.9533333333334,0.35812044874512283,-0.07410618126184321,189
I,I11,0.37056666666666666,61.94,2.6056666666666666,848.6666666666666,2259,25002,0.36143333333333333,9705.333333333334,1.7947,0.14533333333333331,328.04333333333335,0.5860623383521473,-0.6471825063551782,190
I,I12,0.3585666666666667,63.38666666666667,3.575333333333333,767,1814.6666666666667,23937.333333333332,0.3666,6757.666666666667,1.6471333333333333,0.13966666666666666,407.57666666666665,0.8157687570929378,-0.2861776168909939,191
I,I13,0.24086666666666667,71.51666666666667,2.861666666666667,1891,12687.333333333334,51838,0.3852,18115.666666666668,1.7258666666666667,0.09166666666666667,102.92,-0.7197834727336557,0.40346264797659565,192
I,I14,0.3365666666666667,68.72333333333333,3.191333333333333,923.3333333333334,2114.3333333333335,23277.333333333332,0.3537,7354.333333333333,1.4740666666666666,0.116,300.15,0.5591026719290682,0.2944570162955878,193
I,I15,0.2900666666666667,66.57666666666667,1.8636666666666666,1225,4503.666666666667,26927.666666666668,0.40399999999999997,14458,1.5503333333333333,0.129,160.43333333333334,-0.1618403920841482,-0.46090717059472647,194
I,I16,0.3066,65.80666666666667,1.9426666666666668,1152.3333333333333,3847.6666666666665,26461.333333333332,0.3811,13657,1.5966333333333333,0.12333333333333334,183.45000000000002,-0.03467151437454027,-0.3622099705405912,195
I,I17,0.2121,67.92666666666666,2.91,1729.3333333333333,4756.333333333333,38416.333333333336,0.3453,13421,1.4436,0.088,155.00333333333333,-0.3812348191909119,0.877379158761294,196
I,I18,0.2307,64.48333333333333,3.203,1416,3434,30419.666666666668,0.3264666666666667,9708.666666666666,1.3013666666666666,0.096,206.97,-0.009591603476946675,0.9311519356130404,197
I,I19,0.3289,70.57000000000001,2.702,1028.3333333333333,2753.3333333333335,26558.666666666668,0.3698666666666667,9895.666666666666,1.8069,0.10533333333333333,264.53999999999996,0.15734787072073494,0.01620036526142032,198
I,I2,0.3334333333333333,62.41,2.767333333333333,898.6666666666666,2434.6666666666665,26041.333333333332,0.35373333333333334,9489.333333333334,1.6126,0.143,292.56,0.4938493263007745,-0.28517992771142586,199
I,I20,0.31556666666666666,60.22666666666667,1.9416666666666667,1034.3333333333333,3549.3333333333335,26651.333333333332,0.3803666666666667,13739.333333333334,1.5909333333333333,0.1443333333333333,204.51666666666665,0.12365040570576823,-0.7080566924994701,200
I,I21,0.25616666666666665,65.16333333333333,2.483,1226.3333333333333,4434.333333333333,36392.333333333336,0.3677333333333333,14696,1.7118333333333333,0.10766666666666666,181.87666666666667,-0.2650983915688574,0.08760048329524406,201
I,I22,0.33076666666666665,63.16,2.5743333333333336,942.3333333333334,2772.6666666666665,27228.333333333332,0.36793333333333333,10656.333333333334,1.803,0.128,284.2,0.27337107483679596,-0.39221402384574017,202
I,I23,0.28856666666666664,73.31666666666666,2.602,1142,3497.6666666666665,26628.333333333332,0.3590333333333333,10347.666666666666,1.7526666666666666,0.09666666666666666,226.38666666666666,-0.026267009187437945,0.3387919132055242,203
I,I24,0.28063333333333335,68.25666666666666,1.6436666666666666,1268.3333333333333,4798,25037.666666666668,0.40126666666666666,15227.333333333334,1.5161333333333333,0.12033333333333333,144.8,-0.23451661557597972,-0.4269657264310921,204
I,I25,0.25766666666666665,66.50333333333333,4.642333333333333,996.6666666666666,1828.6666666666667,23030.333333333332,0.29183333333333333,5060.333333333333,1.0204333333333333,0.09333333333333334,304.35,0.6377714146913515,1.3411041301216315,205
I,I26,0.3279333333333333,69.22333333333334,2.388,975.6666666666666,2909,23593.333333333332,0.3604,9918.333333333334,1.7899666666666667,0.113,265.71333333333337,0.24681937419100888,-0.10434442178580472,206
I,I27,0.19613333333333333,68.69333333333333,3.274,2013,15194.333333333334,63633.666666666664,0.4107,19442.333333333332,1.6059999999999999,0.08933333333333333,87.53,-0.8327452181581386,0.5183643924776857,207
I,I28,0.37216666666666665,74.23333333333333,3.103666666666667,884.6666666666666,1948.3333333333333,19198.333333333332,0.36496666666666666,6283.333333333333,1.5771,0.11633333333333334,337.68666666666667,0.7539946357294359,0.10074199993183226,208
I,I29,0.23,64.43666666666667,2.440666666666667,1375.6666666666667,5550,38933,0.3322333333333333,16048,1.8531666666666666,0.08833333333333333,179.06333333333333,-0.4307935757741308,0.3563812709450374,209
I,I3,0.32563333333333333,63.376666666666665,2.7106666666666666,1001.6666666666666,2718,25350,0.3568,9443.333333333334,1.5571,0.14366666666666666,270.29,0.4098480199090374,-0.213658264808625,210
I,I30,0.3579333333333333,66.31666666666666,2.224666666666667,937,2736.6666666666665,23387,0.3669,10556,1.6799333333333333,0.138,254.22666666666666,0.4080269539487975,-0.5171495604951826,211
I,I31,0.2725666666666667,68.55,1.7853333333333332,1271.6666666666667,4950,24204.333333333332,0.3685333333333333,13614.666666666666,1.6903333333333332,0.09866666666666667,175.22666666666666,-0.23107093591915787,-0.07989266735859958,212
I,I32,0.2994,66.56,1.9703333333333333,1089.6666666666667,3704,26820,0.36956666666666665,13633,1.7275666666666667,0.11733333333333333,198.58666666666667,-0.04774806114497898,-0.3075557126956637,213
I,I33,0.3273666666666667,70.42666666666666,2.1003333333333334,1061.6666666666667,3291,23721.333333333332,0.379,11375,1.7651333333333334,0.11066666666666666,224.55,0.08542658206732903,-0.2578018253953832,214
I,I34,0.3261,67.16,2.3659999999999997,1000,3006.6666666666665,26040.333333333332,0.35053333333333336,11065.333333333334,1.7896666666666665,0.113,252.05666666666667,0.18210641026795987,-0.10884649899780112,215
I,I35,0.3249666666666667,66.82333333333334,2.378,982.6666666666666,2986.6666666666665,26414.666666666668,0.3525,11143.666666666666,1.7959333333333334,0.11433333333333334,253.10999999999999,0.18555921742485337,-0.14086984485820178,216
I,I36,0.31543333333333334,66.31333333333333,2.0073333333333334,1072,3450,26265.333333333332,0.3794666666666667,13105.333333333334,1.6978,0.12333333333333334,204.44,0.02969509281299811,-0.41215317518568045,217
I,I37,0.2743,58.85666666666667,3.0406666666666666,1031,2596.6666666666665,25592.666666666668,0.3397,8609.333333333334,1.4333333333333333,0.10933333333333334,296.98333333333335,0.33071612107076026,0.37352784049811916,218
I,I38,0.2706,71.46333333333334,1.809,1359.3333333333333,5405.666666666667,27670.333333333332,0.39126666666666665,15297.333333333334,1.6472,0.10466666666666666,144.59,-0.3697384642306151,-0.1376536124736431,219
I,I39,0.3525,65.09666666666666,2.402,870,2599.3333333333335,23865.333333333332,0.34223333333333333,9992,1.9304666666666666,0.12166666666666666,316.20666666666665,0.4165407392506754,-0.4310257909147425,220
I,I4,0.29933333333333334,65.92666666666666,2.35,1080.6666666666667,3331.3333333333335,30446.666666666668,0.36673333333333336,13030,1.7066999999999999,0.12666666666666668,210.95,0.01714035570856757,-0.21007878618568415,221
I,I40,0.28359999999999996,64,1.736,1063,4353.666666666667,24443,0.35636666666666666,14093.666666666666,1.8490666666666666,0.10466666666666666,209.58666666666667,-0.10757362837388429,-0.3815968219511639,222
I,I41,0.3567,68.60666666666667,2.328333333333333,875,2488,23308.333333333332,0.37,10060.333333333334,1.8611333333333333,0.13566666666666669,287.0466666666667,0.4192220463859776,-0.5737464863532409,223
I,I42,0.3375666666666667,69.13333333333334,3.772333333333333,654.6666666666666,1436,17215.666666666668,0.3229666666666667,4583.666666666667,1.7503,0.11266666666666666,558.2433333333333,1.2019575972712102,0.20017091630774625,224
I,I43,0.30233333333333334,66.13666666666667,3.6060000000000003,1038.6666666666667,2367,23512,0.3363333333333333,6784,1.3366,0.11233333333333334,302.08,0.4878666741841064,0.6068643676225661,225
I,I44,0.3173333333333333,67.94,3.649,966.6666666666666,2232.6666666666665,27208,0.32713333333333333,7675,1.4345666666666665,0.125,291.54333333333335,0.5010644930277268,0.47908377011089687,226
I,I45,0.20956666666666665,67.61666666666666,2.528,1554.6666666666667,10927,53559.333333333336,0.4069333333333333,21182.666666666668,1.8270666666666666,0.09966666666666667,109.56666666666666,-0.7899333843812223,0.02888544794286483,227
I,I46,0.27443333333333336,67.33666666666666,1.6473333333333333,1185.3333333333333,4801.666666666667,24601.666666666668,0.36416666666666664,14941.333333333334,1.7951666666666666,0.101,178.72,-0.24528812073417447,-0.28813596909052736,228
I,I47,0.34013333333333334,68.28666666666666,2.524,905.6666666666666,2488.3333333333335,25276.666666666668,0.361,10066,1.8490666666666666,0.122,286.2733333333333,0.33610952712916253,-0.2597342152759782,229
I,I48,0.30513333333333337,72.46666666666667,1.621,1270.3333333333333,4472.333333333333,23315,0.39986666666666665,14392.333333333334,1.5603666666666667,0.11533333333333333,148.26666666666668,-0.17652422476637225,-0.4112933567314381,230
I,I5,0.30366666666666664,67.92,2.8596666666666666,1085.3333333333333,2672.3333333333335,25219,0.3444333333333333,8970.333333333334,1.5027,0.10166666666666667,253.35666666666668,0.24773573379869215,0.4625792984806213,231
I,I6,0.28313333333333335,62.77333333333333,2.511,1072.6666666666667,3044,28699,0.33266666666666667,11510,1.5696666666666668,0.10233333333333333,232.21333333333334,0.10921405376742181,0.2982052605616925,232
I,I7,0.2861666666666667,67.33666666666667,1.7976666666666667,1221.3333333333333,3867.6666666666665,25459,0.38233333333333336,14180.333333333334,1.4356,0.11933333333333333,156.13666666666668,-0.09886914034214908,-0.2145653734356231,233
I,I8,0.27476666666666666,61.873333333333335,3.151666666666667,1098,2820,31070.333333333332,0.36966666666666664,10002,1.3560333333333334,0.14066666666666666,230.04,0.2169002145553991,0.086099692635046507,234
I,I9,0.2912666666666667,70.80333333333334,1.9616666666666667,1219.6666666666667,4017,28587,0.38716666666666666,14601,1.6872666666666667,0.12166666666666666,167.42666666666668,-0.19094396448773385,-0.2879998949708655,235
